model_path,split_file,num_samples,num_secondary_labels,threshold,mean_sample_jaccard,subset_accuracy,label_cardinality,pred_cardinality,label_density,prec_micro,rec_micro,f1_micro,prec_macro,rec_macro,f1_macro,prec_weighted,rec_weighted,f1_weighted,prec_samples,rec_samples,f1_samples,map,lrap,coverage_error,ranking_loss,hamming_loss,model_params_total,model_params_trainable
model/best_model_conditional_multilabel_aslgb.pth,data_splits/test.json,54581,60,0.5,0.8719997347847263,0.5218849050035727,5.7981715248896135,5.895036734394753,0.09663619208149356,0.9153242975288804,0.9306158561633014,0.9229067400783734,0.9247094023829291,0.93462584026866,0.929471482623346,0.9158472660262058,0.9306158561633014,0.9230116217440273,0.9220045833935129,0.9400240501111631,0.921225445833008,0.9722468927120714,0.9817284397606678,6.340649676627398,0.002804648303828802,0.015024459060845348,29903293,29903293
