model_path,split_file,num_samples,num_secondary_labels,threshold,mean_sample_jaccard,subset_accuracy,label_cardinality,pred_cardinality,label_density,prec_micro,rec_micro,f1_micro,prec_macro,rec_macro,f1_macro,prec_weighted,rec_weighted,f1_weighted,prec_samples,rec_samples,f1_samples,map,lrap,coverage_error,ranking_loss,hamming_loss,avg_loss,eval_loss_name,avg_bce_loss,experiment_name,backbone,loss,correlation_modeling,model_params_total,model_params_trainable
ablation_models/dinov3_bce/best_model_multilabel_bce.pth,data_splits/test.json,54581,60,0.5,0.8530835213776519,0.4985800919733973,5.7981715248896135,5.700829959143292,0.09663619208149356,0.9181570718319048,0.9027427560274276,0.9103846711502214,0.9244938728230141,0.8986062897818098,0.9111857263457346,0.9179419819376257,0.9027427560274276,0.9100770330190378,0.9224124940296154,0.9106948297482867,0.9060487038683449,0.949132463789372,0.9655511794702,7.014418936992726,0.006467797647282461,0.017174779990595017,0.07754090323210076,BCEWithLogitsLoss,0.07754090323210076,dinov3_bce,DINOv3,BCEWithLogitsLoss,0,21624252,21624252
