model_path,split_file,num_samples,num_secondary_labels,threshold,mean_sample_jaccard,subset_accuracy,label_cardinality,pred_cardinality,label_density,prec_micro,rec_micro,f1_micro,prec_macro,rec_macro,f1_macro,prec_weighted,rec_weighted,f1_weighted,prec_samples,rec_samples,f1_samples,map,lrap,coverage_error,ranking_loss,hamming_loss,model_params_total,model_params_trainable
model/best_model_conditional_multilabel_asl.pth,data_splits/test.json,54581,60,0.5,0.8699831469854048,0.5142265623568641,5.7981715248896135,6.023433062787417,0.09663619208149356,0.9043511322677292,0.9394855752519986,0.9215836090726635,0.9128175064481688,0.942723486847912,0.9273103812378032,0.9050783811401962,0.9394855752519986,0.9217469053553193,0.9143110022347108,0.9458379415547559,0.9198752009013006,0.9715678985220183,0.9815653032603182,6.331488979681574,0.0026976005957998375,0.015450126112261287,29903293,29903293
