scope,primary_model_path,secondary_model_path,split_file,primary_model_params_total,primary_model_params_trainable,secondary_model_params_total,secondary_model_params_trainable,cascade_params_total,cascade_params_trainable,num_samples,num_classes,threshold,acc_micro,acc_macro,acc_samples,mean_sample_jaccard,label_cardinality,pred_cardinality,label_density,prec_micro,rec_micro,f1_micro,prec_macro,rec_macro,f1_macro,prec_weighted,rec_weighted,f1_weighted,prec_samples,rec_samples,f1_samples,map,lrap,coverage_error,ranking_loss,hamming_loss
secondary,model/best_model_primary.pth,model/best_model_conditional_multilabel_aslgb.pth,data_splits/test.json,21618862,21618862,29903293,29903293,51522155,51522155,54581,60,0.5,0.9831006516309094,0.9831006516309094,0.9831006516309093,0.8597344029250401,5.7981715248896135,5.879353621223503,0.09663619208149356,0.9068653572285533,0.9195626757670553,0.9131698806503591,0.9101547407537394,0.9155653006879739,0.9126778538812542,0.9073433519875027,0.9195626757670553,0.9132484416054069,0.9121403655179026,0.929524335256874,0.9107448597653266,0.9507894485138356,0.9717500176502543,6.79846466719188,0.006325111483217329,0.016899348369090586
combined,model/best_model_primary.pth,model/best_model_conditional_multilabel_aslgb.pth,data_splits/test.json,21618862,21618862,29903293,29903293,51522155,51522155,54581,106,0.5,0.9897598964046166,0.9897598964046165,0.9897598964046167,0.8754915071373027,6.7981715248896135,6.879353621223503,0.06413369363103409,0.9152076530965533,0.926136838332197,0.9206398109661595,0.9336092592925649,0.9368664941729452,0.9350223520180361,0.915782596573492,0.926136838332197,0.9207460892155157,0.9214256752277944,0.9355087306055068,0.9216702337140483,0.9677704357998843,0.9727336347363883,8.637437936278191,0.005131877541548009,0.010240103595383424
